topic_words3,Fraktsioonitud,Keskerakond,difference
lasteaia lasteaias lasteaiakoha,0.0153846153846153,0.0459770114942528,-198.8505747126448
huvigruppe huvigruppide kaasatud,0.0153846153846153,0.0402298850574712,-161.49425287356422
koolis kooli opilased,0.0153846153846153,0.0402298850574712,-161.49425287356422
opositsioonis koalitsiooni opositsiooni,0.0307692307692307,0.0402298850574712,-30.74712643678169
korterelamute kortermajade kredexi,0.0153846153846153,0.0114942528735632,25.287356321838793
liitlaste ohutorje keskmaa,0.0153846153846153,0.0114942528735632,25.287356321838793
vee monopolide veeteenuse,0.0153846153846153,0.0114942528735632,25.287356321838793
terviseandmed isikuandmeid terviseandmeid,0.0153846153846153,0.0114942528735632,25.287356321838793
tulubaasi omavalitsustele omavalitsuste,0.0153846153846153,0.0114942528735632,25.287356321838793
inflatsiooni inflatsioon hinnatous,0.0307692307692307,0.0229885057471264,25.287356321839038
viirust vaktsineeritud viiruse,0.0307692307692307,0.0229885057471264,25.287356321839038
kaibemaksu kaibemaks kaibemaksumaara,0.0153846153846153,0.0057471264367816,62.64367816091939
tapsustatakse ajakohastatakse nouete,0.0153846153846153,0.0057471264367816,62.64367816091939
tooandja tooandjal tootaja,0.0153846153846153,0.0057471264367816,62.64367816091939
arengufond arengufondi arengufondis,0.0153846153846153,0.0057471264367816,62.64367816091939
lisaeelarve lisaeelarves lisaeelarvega,0.0153846153846153,0.0057471264367816,62.64367816091939
soita jalakaija konniteel,0.0461538461538461,0.0057471264367816,87.54789272030652
lapsetoetust lapsetoetus lapsetoetuse,0.0615384615384615,0.0172413793103448,71.98275862068968
tulumaksuvaba maksususteemi tulumaksu,0.2153846153846154,0.0114942528735632,94.66338259441709
palgatousu opetajate palgatous,0.0923076923076923,0.0,100.0
korterid kortereid korterit,0.0615384615384615,0.0,100.0
uhistranspordi uhistransport uhistransporti,0.0307692307692307,0.0,100.0
riigipuha puhade tahtpaevade,0.0153846153846153,0.0,100.0
vallaga vald sauga,0.0153846153846153,0.0,100.0
tooandja tervisesse maksuvabalt,0.0153846153846153,0.0,100.0
katteallikas katteallikaid katteallikat,0.0153846153846153,0.0,100.0
tervist tervis tervisega,0.0153846153846153,0.0,100.0
karistuse karistus tingimisi,0.0153846153846153,0.0,100.0
tarbijakaitse amet ametile,0.0153846153846153,0.0,100.0
erso teatri kontserdi,0.0153846153846153,0.0,100.0
pagulasi pagulased pagulaste,0.0153846153846153,0.0,100.0
maksuamet tolliamet tolliameti,0.0153846153846153,0.0,100.0
salastatud valisteabe riigisaladuse,0.0153846153846153,0.0,100.0
volakirjade keskpank volakirju,0.0153846153846153,0.0,100.0
riigipalgaliste riigisektoris koondada,0.0153846153846153,0.0,100.0
metsa metsade mets,0.0,0.0,
muraste kase kompleksi,0.0,0.0,
koolituse koolitus koolitusele,0.0,0.0,
konkurss konkursi konkurssi,0.0,0.0,
koneleja konsensuslikud repliigi,0.0,0.0,
kolledz kolledzi turi,0.0,0.0,
kohtutaiturite kohtutaitur kohtutaituri,0.0,0.0,
kohtunike kohtususteem kohtuniku,0.0,0.0,
kohtla jarve johvi,0.0,0.0,
kohanimenoukogu vonnu mulgi,0.0,0.0,
kodualuse maamaksu maamaksust,0.0,0.0,
kodakondsust kodakondsuse kodanikuks,0.0,0.0,
kirik kiriku maarja,0.0,0.0,
kinnitamise paevakorra paevakord,0.0,0.0,
kinnisasja maad maa,0.0,0.0,
keskkonnaameti uhendamine uhendamise,0.0,0.0,
keeleoskust oskuse keeleoskuse,0.0,0.0,
korrata stenogrammist vabandan,0.0,0.0,
korruptsiooni korruptsioon korruptsiooniga,0.0,0.0,
korteriuhistu korteriomanike korteriuhistute,0.0,0.0,
lipud lippude lipp,0.0,0.0,
muuseum muuseumi muuseumide,0.0,0.0,
matusetoetust matusetoetus matusetoetuse,0.0,0.0,
maavalitsuste maavalitsused maakonna,0.0,0.0,
maantee neljarealiseks ppp,0.0,0.0,
louis freeh kremli,0.0,0.0,
loomi loomade loomad,0.0,0.0,
lipu laevu kaubalaeva,0.0,0.0,
kulukuse krediidi kiirlaenude,0.0,0.0,
liiklussurmade liikluses hukkunute,0.0,0.0,
leping ratifitseerida lepinguga,0.0,0.0,
lae korgepalgaliste lagi,0.0,0.0,
laari laar kandidatuuri,0.0,0.0,
kutsehariduse kutseharidus kutsehariduses,0.0,0.0,
kusija vastaja vastasin,0.0,0.0,
miili baasvorgu lairiba,0.0,0.0,
abielu kooselu samasooliste,0.0,0.0114942528735632,-inf
kantsler kantsleri riigisekretar,0.0,0.0,
utah jordaania energia,0.0,0.0,
tantsupeo laulu traditsiooni,0.0,0.0,
teadus teaduse arendustegevuse,0.0,0.0,
teenistuse teenistuses avalikus,0.0,0.0,
teenuseid teenused teenust,0.0,0.0,
toovoimereformi toovoimega toovoimereform,0.0,0.0,
ts parvlaeva parvlaevad,0.0,0.0,
tsernoboli represseeritud oigusvastaselt,0.0,0.0,
tulubaasi tasandusfondi tulumaksuosa,0.0,0.0,
ugri rahvaste polisrahvaste,0.0,0.0,
ulejaagis struktuurses struktuurse,0.0,0.0,
ulikooliga kbfi instituudi,0.0,0.0,
untso missioonide liikmesusest,0.0,0.0,
uuring uuringut uuringu,0.0,0.0,
nord stream streami,0.0,0.0,
vaesuses suhtelises vaesuse,0.0,0.0,
vagivalla naistevastase perevagivalla,0.0,0.0,
vagivallale vihakone ohutamine,0.0,0.0,
vaikesaarte saarte pusiasustusega,0.0,0.0,
valijate erakonda valijaid,0.0,0.0,
valimisea valimisiga valimisoiguse,0.0,0.0,
valimiskomisjon proteste valimiskasti,0.0,0.0,
valimisliitude volikogusse volikokku,0.0,0.0,
vanemahuvitist vanemahuvitise vanemahuvitis,0.0,0.0,
varude varud varu,0.0,0.0,
veb fondi uurimiskomisjon,0.0,0.0,
virumaale virumaa toostusalade,0.0,0.0,
taanis saksamaal hollandis,0.0,0.0,
suuria euroopasse turgis,0.0,0.0,
sularaha kommertspangad pangad,0.0,0.0,
skais arendused infosusteemide,0.0,0.0,
noukogudesse ariuhingute noukogudes,0.0,0.0,
objekti anu raua,0.0,0.0,
oiglase virumaale ulemineku,0.0,0.0,
omandireformi tagastatud omandireform,0.0,0.0,
ooteala piiriuletuse piiripunkti,0.0,0.0,
ootuse oigusparase oiguskindluse,0.0,0.0,
pealinnast tallinnast viljandisse,0.0,0.0,
pensioni pension sammas,0.0,0.0,
pensionifondide pensionifondid fondid,0.0,0.0,
piirikontrolli schengeni valispiiri,0.0,0.0,
piirilepingu piirileping piirilepingut,0.0,0.0,
planeeringu keskkonnamoju keskkonnamojude,0.0,0.0,
poolte kokkuleppel huvitise,0.0,0.0,
post posti omniva,0.0,0.0,
puude raskusastme puuet,0.0,0.0,
raamatukogu pimedate raamatukogude,0.0,0.0,
rahapesu terrorismi andmeburoo,0.0,0.0,
rahvuse rahvust rahvusriik,0.0,0.0,
rail trassi balticu,0.0,0.0,
reklaami reklaam alkoholireklaam,0.0,0.0,
riigikontrolli auditi auditit,0.0,0.0,
riigireformi riigireformist riigireform,0.0,0.0,
samba sammas sambasse,0.0,0.0,
seksuaalse vangistusega vaarkohtlemise,0.0,0.0,
sigade katku katk,0.0,0.0,
kauguhendus avaksite ettekandjalt,0.0,0.0,
hanke hankija riigihangete,0.0,0.0,
kandideerima ametikohale kandidaatide,0.0,0.0,
otsevalimise presidenti presidendi,0.0,0.0114942528735632,-inf
toonadalal istungid taiendaval,0.0,0.0057471264367816,-inf
talupidajate kaubanduskoja kaubanduskoda,0.0,0.0057471264367816,-inf
slovakkia ungari portugal,0.0,0.0057471264367816,-inf
salvestisi salvestised salvestiste,0.0,0.0114942528735632,-inf
riigimetsa majandamise noukokku,0.0,0.0057471264367816,-inf
riigiloivude riigiloivud riigiloivu,0.0,0.0057471264367816,-inf
riigiabi komisjonilt loa,0.0,0.0057471264367816,-inf
teede teehoiuks teedele,0.0,0.0057471264367816,-inf
lng terminali gaasi,0.0,0.0114942528735632,-inf
volitust kaasuses jarvik,0.0,0.0057471264367816,-inf
tootuid tootute tootu,0.0,0.0057471264367816,-inf
haale valimispaeval valimiste,0.0,0.0057471264367816,-inf
haiguspaevade haiguspaevi haiguspaeva,0.0,0.0172413793103448,-inf
hoiu pangad pankade,0.0,0.0057471264367816,-inf
hooldekodus hoolduse hooldekodu,0.0,0.0057471264367816,-inf
eriarstide eriarstiabi eriarsti,0.0,0.0402298850574712,-inf
kaasne lisakulutusi riigieelarvele,0.0,0.0057471264367816,-inf
elamisluba elamisloa viisa,0.0,0.0057471264367816,-inf
kaitsekulud kaitsekulutused kaitsekulude,0.0,0.0057471264367816,-inf
kandidaati kandidaat valituks,0.0,0.0057471264367816,-inf
rahvahaaletuse rahvahaaletus rahvahaaletusel,0.0,0.0057471264367816,-inf
treenerite spordi sport,0.0,0.0057471264367816,-inf
etv saateid pbk,0.0,0.0057471264367816,-inf
normitehnika mojude eeskiri,0.0,0.0057471264367816,-inf
pollumeestele pollumehi pollumehed,0.0,0.0172413793103448,-inf
pohiseadusega riigikohus oiguskantsler,0.0,0.0517241379310344,-inf
piirivalve valvamise valvamine,0.0,0.0057471264367816,-inf
piima toorpiima toodangut,0.0,0.0114942528735632,-inf
pensionitous pensionitousu pension,0.0,0.1149425287356321,-inf
psuhhiaatri alaealine psuhhiaatrilist,0.0,0.0057471264367816,-inf
pensioniiga pensioniea eluiga,0.0,0.0057471264367816,-inf
opositsiooni koalitsioonil opositsioonil,0.0,0.0057471264367816,-inf
oigusriik oigusriigi oigusriigist,0.0,0.0057471264367816,-inf
muundatud geneetiliselt gmo,0.0,0.0057471264367816,-inf
uliopilased uliopilastele uliopilaste,0.0,0.0057471264367816,-inf
moisteid moiste moisted,0.0,0.0057471264367816,-inf
missiooni missioonile missioon,0.0,0.0114942528735632,-inf
palgalohe soolist meeste,0.0,0.0057471264367816,-inf
mes maale maaelu,0.0,0.0172413793103448,-inf
rahvaalgatuse rahvaalgatus rahvahaaletus,0.0,0.0057471264367816,-inf
relva relvade relvaluba,0.0,0.0057471264367816,-inf
valispoliitika valispoliitikas diplomaatia,0.0,0.0172413793103448,-inf
valismaale valjarande valjaranne,0.0,0.0057471264367816,-inf
vabatahtlike komandode paasteameti,0.0,0.0057471264367816,-inf
eelarves riigieelarves reservist,0.0,0.0114942528735632,-inf
deklaratsiooni deklaratsioone deklaratsioonis,0.0,0.0057471264367816,-inf
kandidaadi kandidaati kandidaat,0.0,0.0,
huvihariduse huvitegevuse huviharidus,0.0,0.0,
fie fuusilisest isikust,0.0,0.0,
haalte kandidaatidele haaletamisest,0.0,0.0,
hadaolukorda eriolukord eriolukorra,0.0,0.0,
hambaravi hammaste hambad,0.0,0.0,
prokuratuur prokuratuuri prokuror,0.0,0.0057471264367816,-inf
hansson ardo panga,0.0,0.0,
hiv narkomaania epideemia,0.0,0.0,
hoone rkas hoonet,0.0,0.0,
humni humn laulda,0.0,0.0,
id mobiil kaardi,0.0,0.0,
elektri elektrit taastuvenergia,0.0,0.0,
idapiiri piiririba valjaehitamine,0.0,0.0,
iive sundimus iibe,0.0,0.0,
inimarengu aruanne aruandes,0.0,0.0,
jaatmeid liigiti prugi,0.0,0.0,
jahimehed jahimeeste jahti,0.0,0.0,
jarviku jarvik maaeluministri,0.0,0.0,
joustumine joustuma joustada,0.0,0.0,
kaitseliit kaitseliidule kaitseliidu,0.0,0.0,
kala kalurid kalurite,0.0,0.0,
eripensioni valjateenitud staazi,0.0,0.0,
efsf esm kreekale,0.0,0.0,
koolilouna koolitoidu koolitoit,0.0,0.0057471264367816,-inf
aasia aasias saatkonna,0.0,0.0,
apteeke apteegid apteekide,0.0,0.0057471264367816,-inf
annetused annetusi annetuste,0.0,0.0057471264367816,-inf
alkoholi kange lahja,0.0,0.0057471264367816,-inf
krimmi agressiooni ukraina,0.0,0.057471264367816,-inf
kusimusena tahtsa tahtsusega,0.0,0.0057471264367816,-inf
lahususe voimude lahusus,0.0,0.0057471264367816,-inf
abipolitseinik abipolitseiniku abipolitseinike,0.0,0.0057471264367816,-inf
erimargistatud kutust kutuse,0.0,0.0114942528735632,-inf
aardla pria pealtnagija,0.0,0.0,
aituma infotundi jahimehed,0.0,0.0,
eelarvele kulude riigieelarvele,0.0,0.0,
ajakirjandus ajakirjanduse ajakirjandust,0.0,0.0,
ametiuhingute tooandjate keskliit,0.0,0.0,
ammendumiseni kaheni pikendada,0.0,0.0,
annetus erjk annetuse,0.0,0.0,
arengukavad arengukavade pohialuste,0.0,0.0,
borsile ipo enefit,0.0,0.0,
danske filiaali rahapesu,0.0,0.0,
direktiivi direktiiv ulevotmise,0.0,0.0,
domeenide domeeni interneti,0.0,0.0,
voidusamba vabadussoja uurimiskomisjon,0.0,0.0,
